id;nome
3001;luiza henrique
3002;mariana costa
3004;joana silva
3005;ricardo silva
3006;luiza martins
3007;bruno lima
3008;joão lima
3012;sofia martins
3013;ana pereira
3015;mariana silva
3018;clara oliveira
3019;rafael silva
3020;ana martins
3021;marcos mendes
3022;carolina henrique
3024;sofia oliveira
3025;pedro martins
3030;rafael henrique
3031;maria silva
3033;juliana pereira
3034;ana henrique
3038;mariana mendes
3039;carolina martins
3040;rafael souza
3041;sofia oliveira
3042;maria mendes
3044;bruno henrique
3045;mateus silva
3046;joão costa
3047;luiza martins
3048;eduardo ferreira
3050;clara costa
3051;juliana costa
3052;carolina pereira
3053;joão oliveira
3054;bruno silva
3055;rafael henrique
3056;sofia mendes
3057;rafael martins
3059;ricardo mendes
3060;mateus costa
3061;pedro martins
3064;rafael costa
3065;luiza silva
3066;ricardo martins
3068;maria martins
3070;pedro mendes
3071;bruno ferreira
3072;sofia lima
3074;juliana oliveira
3075;pedro martins
3076;ana martins
3077;mateus costa
3078;jorge pereira
3079;joão ferreira
3080;ana ferreira
3081;joana costa
3082;luiza ferreira
3083;pedro silva
3084;luiza henrique
3085;carolina henrique
3086;joana mendes
3087;juliana lima
3088;fernanda martins
3089;juliana oliveira
3091;joana lima
3093;joão pereira
3095;luiza souza
3096;fernanda silva
3097;mateus mendes
3098;mariana pereira
3099;clara martins
3100;mateus mendes
3102;clara lima
3103;clara martins
3105;clara pereira
3106;bruno oliveira
3107;joão lima
3110;carolina oliveira
3112;mateus mendes
3113;pedro martins
3115;carlos martins
3116;fernanda henrique
3117;sofia costa
3118;rafael oliveira
3119;juliana martins
3120;mariana costa
3121;clara souza
3122;luiza pereira
3124;marcos souza
3125;maria costa
3126;rafael souza
3127;joão costa
3128;maria ferreira
3129;rafael lima
3131;mateus costa
3132;luiza costa
3133;ricardo silva
3134;fernanda oliveira
3137;luiza oliveira
3138;clara henrique
3140;ana souza
3141;maria souza
3142;carlos henrique
3143;joana lima
3144;ricardo souza
3147;joão lima
3148;luiza costa
3152;mateus mendes
3155;fernanda henrique
3156;eduardo martins
3157;fernanda oliveira
3158;sofia souza
3159;bruno mendes
3160;ana silva
3162;ricardo souza
3163;pedro lima
3164;eduardo souza
3165;jorge souza
3168;juliana lima
3169;maria lima
3170;ana pereira
3171;luiza costa
3172;ricardo mendes
3175;eduardo souza
3177;maria martins
3179;rafael oliveira
3180;bruno mendes
3181;ricardo ferreira
3182;pedro costa
3183;ricardo mendes
3184;carlos ferreira
3185;rafael silva
3186;mateus souza
3187;luiza lima
3190;rafael mendes
3191;eduardo mendes
3192;carlos martins
3193;juliana lima
3194;pedro pereira
3195;luiza henrique
3196;pedro silva
3198;mariana lima
3200;joão silva
3201;luiza oliveira
3202;ana oliveira
3203;marcos lima
3204;maria martins
3205;ana pereira
3206;mateus ferreira
3207;mariana martins
3208;joana pereira
3209;bruno henrique
3211;ricardo lima
3212;bruno oliveira
3214;rafael costa
3215;carolina henrique
3217;mariana costa
3218;juliana martins
3219;ricardo ferreira
3220;jorge henrique
3222;fernanda costa
3223;sofia martins
3224;marcos lima
3225;mateus martins
3226;jorge henrique
3227;mariana silva
3228;ricardo ferreira
3229;joão henrique
3230;carlos lima
3231;pedro lima
3232;clara henrique
3233;joana pereira
3235;eduardo pereira
3237;joana souza
3238;bruno lima
3240;jorge henrique
3241;joão martins
3242;carlos silva
3243;ricardo pereira
3246;luiza ferreira
3247;sofia henrique
3248;luiza pereira
3250;ricardo lima
3251;ana oliveira
3253;jorge oliveira
3256;mateus pereira
3257;bruno pereira
3258;carolina henrique
3259;mariana mendes
3260;carlos souza
3261;carlos souza
3262;bruno ferreira
3263;sofia pereira
3265;luiza henrique
3266;mariana martins
3267;maria costa
3268;maria costa
3269;clara oliveira
3272;maria lima
3274;bruno ferreira
3275;carolina martins
3276;bruno ferreira
3277;ana mendes
3282;carolina silva
3283;joana mendes
3284;bruno lima
3286;luiza ferreira
3287;bruno oliveira
3289;rafael silva
3290;eduardo henrique
3291;eduardo silva
3293;fernanda pereira
3294;mariana costa
3298;luiza silva
3299;juliana mendes
3300;rafael silva
3301;rafael mendes
3302;mariana silva
3303;eduardo henrique
3304;joana henrique
3305;carlos ferreira
3307;joão oliveira
3309;sofia mendes
3311;joão lima
3313;joana costa
3315;luiza silva
3316;ana mendes
3317;sofia ferreira
3319;juliana silva
3322;joão silva
3323;carlos pereira
3326;pedro costa
3328;mateus pereira
3329;jorge mendes
3331;mateus ferreira
3332;jorge henrique
3333;luiza martins
3335;sofia costa
3336;marcos pereira
3338;fernanda mendes
3339;fernanda oliveira
3340;rafael martins
3341;eduardo lima
3342;luiza mendes
3343;bruno silva
3344;eduardo ferreira
3345;maria oliveira
3346;joana souza
3348;marcos martins
3349;bruno pereira
3350;ricardo ferreira
3352;jorge oliveira
3353;juliana lima
3354;carolina souza
3355;ana costa
3356;joana costa
3357;joão henrique
3359;sofia souza
3361;mariana oliveira
3362;clara pereira
3363;jorge oliveira
3364;luiza oliveira
3365;mariana costa
3367;clara silva
3368;juliana henrique
3370;sofia silva
3372;pedro silva
3373;luiza martins
3375;juliana henrique
3376;luiza oliveira
3377;carlos lima
3378;carolina ferreira
3379;joão silva
3380;ana lima
3381;pedro oliveira
3383;carolina costa
3384;ricardo pereira
3388;mateus costa
3389;juliana oliveira
3390;eduardo ferreira
3391;ana costa
3392;fernanda lima
3394;fernanda oliveira
3395;bruno lima
3397;joão henrique
3398;fernanda silva
3400;pedro costa
3403;maria souza
3406;fernanda souza
3408;ana oliveira
3409;carlos silva
3414;jorge mendes
3415;clara pereira
3416;fernanda silva
3417;joão martins
3418;pedro mendes
3419;fernanda pereira
3420;mateus ferreira
3421;joão costa
3422;bruno souza
3423;mateus costa
3425;bruno oliveira
3426;rafael mendes
3427;mateus martins
3428;clara costa
3429;juliana martins
3430;sofia silva
3431;ana costa
3432;marcos oliveira
3433;clara pereira
3434;eduardo silva
3435;mateus ferreira
3436;jorge henrique
3437;fernanda henrique
3438;carolina ferreira
3439;maria lima
3441;pedro lima
3442;sofia silva
3443;carlos ferreira
3444;jorge lima
3446;bruno lima
3447;clara henrique
3449;mateus costa
3450;mateus costa
3451;fernanda mendes
3452;carolina martins
3453;marcos costa
3454;ana pereira
3456;mateus mendes
3457;fernanda mendes
3458;pedro henrique
3459;maria henrique
3461;mateus souza
3462;mariana pereira
3465;jorge lima
3467;joana ferreira
3468;sofia ferreira
3469;ricardo martins
3470;rafael ferreira
3471;carlos ferreira
3473;mateus pereira
3474;joão ferreira
3475;mariana souza
3477;clara henrique
3479;bruno mendes
3481;joana lima
3483;ricardo martins
3484;carlos silva
3485;carolina martins
3486;eduardo oliveira
3488;carolina silva
3489;eduardo silva
3491;jorge henrique
3492;carolina souza
3493;carolina lima
3494;ana mendes
3495;mateus oliveira
3496;juliana martins
3497;juliana ferreira
3498;ana mendes
3500;carolina silva
3501;pedro oliveira
3502;juliana mendes
3503;luiza mendes
3505;mateus mendes
3506;jorge costa
3507;fernanda costa
3508;maria silva
3510;mateus martins
3511;joana pereira
3512;luiza henrique
3513;marcos martins
3514;luiza henrique
3515;fernanda ferreira
3516;juliana lima
3517;luiza souza
3518;mariana lima
3519;mateus souza
3521;jorge lima
3522;clara oliveira
3525;eduardo pereira
3526;pedro martins
3527;bruno oliveira
3530;fernanda lima
3533;sofia oliveira
3534;jorge henrique
3536;fernanda silva
3537;joão mendes
3538;carlos pereira
3539;carolina henrique
3541;luiza pereira
3542;mariana oliveira
3543;carlos henrique
3544;bruno silva
3545;joana silva
3546;maria martins
3548;luiza lima
3549;juliana oliveira
3551;juliana martins
3552;joão ferreira
3554;bruno oliveira
3555;eduardo silva
3558;carlos oliveira
3559;bruno mendes
3561;fernanda ferreira
3562;maria mendes
3565;joana ferreira
3567;carlos henrique
3568;fernanda ferreira
3569;mateus pereira
3571;jorge souza
3572;ricardo lima
3573;pedro costa
3574;eduardo pereira
3575;joão martins
3577;mariana oliveira
3578;fernanda martins
3579;joão henrique
3580;sofia henrique
3582;jorge oliveira
3583;maria lima
3584;joana mendes
3585;mateus martins
3586;ana lima
3587;carolina ferreira
3588;joana henrique
3589;mateus pereira
3590;ana martins
3591;ana silva
3592;luiza oliveira
3593;maria silva
3596;marcos henrique
3597;mateus costa
3600;pedro ferreira
3601;jorge martins
3603;maria lima
3604;sofia silva
3605;carlos silva
3608;clara ferreira
3610;ricardo henrique
3612;bruno pereira
3613;luiza costa
3614;mariana martins
3615;carlos pereira
3617;mateus henrique
3618;juliana ferreira
3619;luiza oliveira
3620;fernanda martins
3621;ana silva
3622;maria souza
3623;joão oliveira
3625;juliana costa
3626;sofia souza
3627;juliana ferreira
3628;rafael silva
3630;juliana souza
3631;jorge oliveira
3632;marcos lima
3635;marcos lima
3636;eduardo costa
3638;mateus souza
3639;carlos ferreira
3640;maria pereira
3641;pedro oliveira
3643;juliana mendes
3644;carlos costa
3648;eduardo ferreira
3649;ana souza
3650;marcos ferreira
3651;maria martins
3652;bruno silva
3653;joana lima
3654;joana oliveira
3655;clara martins
3656;pedro silva
3657;carlos henrique
3659;juliana oliveira
3661;ana souza
3662;joão silva
3663;mariana martins
3664;ana pereira
3665;juliana oliveira
3666;marcos costa
3667;carlos ferreira
3668;jorge martins
3669;juliana souza
3675;maria martins
3676;eduardo pereira
3677;mateus lima
3679;marcos pereira
3680;clara silva
3681;carolina souza
3684;mateus henrique
3685;jorge oliveira
3686;rafael mendes
3689;sofia henrique
3690;mariana souza
3694;pedro oliveira
3695;eduardo martins
3697;ana henrique
3699;rafael martins
3700;jorge pereira
3701;marcos ferreira
3704;fernanda oliveira
3705;ana lima
3706;maria lima
3707;bruno oliveira
3708;clara mendes
3709;jorge martins
3711;joão oliveira
3712;juliana mendes
3713;mariana ferreira
3714;pedro mendes
3716;sofia souza
3717;jorge silva
3718;pedro silva
3719;rafael souza
3721;marcos costa
3723;ricardo henrique
3725;ana mendes
3726;carlos henrique
3727;bruno lima
3728;eduardo costa
3729;carlos souza
3730;carolina martins
3732;ana souza
3733;rafael martins
3734;rafael lima
3735;ricardo pereira
3736;pedro ferreira
3738;marcos lima
3739;joana costa
3741;ana mendes
3742;carlos silva
3743;eduardo lima
3744;fernanda ferreira
3747;luiza souza
3748;mateus lima
3750;mateus lima
3751;fernanda mendes
3752;mateus ferreira
3753;jorge mendes
3754;bruno lima
3755;clara lima
3756;ana mendes
3758;ricardo henrique
3759;jorge oliveira
3760;pedro souza
3762;rafael lima
3763;maria pereira
3765;clara oliveira
3768;jorge oliveira
3769;pedro oliveira
3770;clara henrique
3771;luiza lima
3772;pedro pereira
3773;carolina ferreira
3775;maria souza
3777;eduardo costa
3779;marcos oliveira
3780;jorge lima
3782;mariana oliveira
3786;mariana souza
3789;pedro henrique
3790;joana oliveira
3791;bruno pereira
3793;ricardo lima
3794;ricardo silva
3796;carlos souza
3797;pedro lima
3798;fernanda silva
3800;ana souza
3801;eduardo martins
3802;fernanda martins
3803;jorge ferreira
3804;ana costa
3805;sofia henrique
3806;sofia lima
3807;ricardo costa
3809;marcos henrique
3812;juliana lima
3813;luiza souza
3814;marcos martins
3815;mateus martins
3816;joão lima
3817;marcos oliveira
3818;ricardo henrique
3819;mateus oliveira
3820;luiza silva
3821;mariana ferreira
3822;ana souza
3823;eduardo costa
3824;jorge souza
3826;jorge mendes
3827;sofia oliveira
3828;fernanda ferreira
3829;ricardo henrique
3832;bruno oliveira
3833;maria ferreira
3834;clara ferreira
3835;clara souza
3836;carolina silva
3837;mariana henrique
3838;luiza silva
3839;bruno martins
3840;bruno oliveira
3842;ricardo pereira
3843;mariana oliveira
3844;rafael silva
3847;ricardo pereira
3848;joão oliveira
3850;marcos pereira
3851;mariana martins
3852;joão costa
3853;jorge pereira
3854;joana costa
3855;joão mendes
3857;jorge costa
3858;marcos souza
3859;ana costa
3860;mateus souza
3861;bruno pereira
3862;pedro martins
3863;rafael costa
3864;marcos henrique
3865;mateus lima
3866;ricardo souza
3867;eduardo souza
3868;maria costa
3869;maria costa
3872;clara oliveira
3873;joana costa
3874;luiza mendes
3875;pedro pereira
3876;fernanda ferreira
3877;bruno mendes
3878;mateus lima
3879;mariana lima
3880;mateus pereira
3882;eduardo martins
3883;clara henrique
3884;fernanda souza
3885;pedro martins
3886;maria henrique
3888;ricardo oliveira
3889;ricardo pereira
3892;ricardo mendes
3893;carlos henrique
3895;joana pereira
3896;fernanda mendes
3897;ricardo martins
3898;carlos silva
3899;mariana costa
3901;sofia silva
3902;maria pereira
3905;rafael henrique
3906;luiza lima
3908;luiza ferreira
3909;ana ferreira
3911;joão henrique
3912;sofia lima
3913;luiza silva
3914;juliana silva
3915;maria silva
3916;clara mendes
3917;mateus oliveira
3918;jorge mendes
3919;jorge pereira
3921;clara lima
3922;joão pereira
3923;mariana henrique
3925;eduardo costa
3926;ana ferreira
3927;maria souza
3928;carolina costa
3929;juliana ferreira
3930;mariana mendes
3931;carlos souza
3932;fernanda martins
3933;marcos costa
3934;pedro pereira
3935;sofia costa
3938;carolina costa
3939;mariana pereira
3940;carlos ferreira
3941;ricardo mendes
3943;carlos henrique
3944;sofia oliveira
3945;eduardo oliveira
3946;ricardo oliveira
3947;jorge ferreira
3948;bruno martins
3949;juliana henrique
3950;bruno ferreira
3952;ricardo oliveira
3953;maria souza
3956;rafael silva
3957;carlos martins
3959;clara lima
3961;rafael lima
3963;pedro pereira
3964;mateus silva
3965;marcos costa
3966;jorge mendes
3967;ricardo mendes
3968;joão silva
3969;carolina costa
3970;luiza souza
3971;eduardo lima
3972;mateus silva
3973;carlos martins
3974;jorge ferreira
3976;mateus pereira
3977;maria mendes
3978;carolina oliveira
3979;rafael henrique
3980;carolina ferreira
3981;rafael oliveira
3982;bruno lima
3983;clara martins
3984;fernanda oliveira
3985;juliana silva
3986;joana costa
3987;carolina henrique
3988;mariana lima
3989;luiza mendes
3990;juliana pereira
3993;carolina mendes
3994;fernanda oliveira
